> Every file the package installs, and which feature puts it there.
>
> feature	service | tools | developer | localstores | modelhost | mcpgateway
>		The optional provider features of VISION 2026-09-22. localstores
>		installs inventoryd and the declaration file that declares it, and
>		is on by default because it only reads. modelhost installs
>		modelhostd only and is off by default; openabstractions models
>		host writes its declaration later, so this package ships none.
>		mcpgateway installs the stdio MCP server and is off by default.
>		nas-download is a feature name held in abstraction.wxs with
>		nothing behind it: the NAS delegator is a tier inside
>		abstraction-download and no program of its own, so there is no
>		row here for it
> path		where it lands under the install folder, and the staging path the
>		workflow builds: payload/<path>, which is what File@Source says
> kind		gobuild  go build the package at <from> in <source>
>		copy     take the file at <from> out of <source>
>		authored written here, in installer/, and shipped as it stands
> source	an id from sources.tsv
> from		the path inside that source
> sign		Authenticode target. Only a PE file can be one; every other row is
>		"no" and the two MSIs are signing targets in their own right
> subsystem	console | windows on a gobuild row, "-" on every other, because a
>		file that is not linked has no subsystem. "windows" appends
>		-H=windowsgui to the link, which is the only way to build an image
>		the loader gives no console. It is a property of the image and not
>		of the package or of its source: one package can be linked both
>		ways, and a row is the only place that choice is written down
>
> A row whose source has no published commit yet is still built by a --src build
> and still left out of a --bin one. sources.tsv says which sources those are.
> A row the --bin route cannot fill must be gated in abstraction.wxs, because a
> gate is what turns a missing file into a smaller package instead of a red
> build. openabstractions.exe and openabstractionsw.exe are the console and
> windowless links of the one serve source, and both rows are required: the
> windowless image is what the service template, the Startup shortcut and the
> installer's activation run. jobd,
> jobdw, dl, jobctl and the Python file-store packages leave the payload in
> 0.2.0 (docs/REMOVED.md).
>
> over_curl.hpp has a declared abstraction-download-over-curl repository rule,
> but no public refs were present at the 2026-09-12 check. Until a public commit
> is verified, its optional source stays UNRESOLVED.
>
> The Panel embeds monitor/panel.manifest as a Windows resource instead of
> shipping it as a side-by-side file: monitor/panel.rc names it RT_MANIFEST id
> 1, and monitor/rsrc_windows_amd64.syso / rsrc_windows_arm64.syso (committed,
> built by `go run ./monitor/icon/gen -syso`) carry the compiled result into
> every `go build` of this package, --bin and --src alike, with no payload row
> of its own to drop. The manifest's Common-Controls dependency still names
> processorArchitecture="amd64"; on the arm64 build this is a known mismatch
> that the OS resolves by falling back to unthemed controls for that
> architecture only, not by losing the manifest or the Panel feature.

feature		path						kind		source		from						sign	subsystem
tools		tools/Abstraction Panel.exe			gobuild		panel		monitor						yes	windows
tools		examples/README.txt					authored	installer	examples/README.txt				no	-
tools		examples/what-this-machine-does/run.cmd		authored	installer	examples/what-this-machine-does/run.cmd		no	-
tools		examples/job-lifecycle/run.cmd			authored	installer	examples/job-lifecycle/run.cmd			no	-
tools		examples/download-a-file/run.cmd		authored	installer	examples/download-a-file/run.cmd		no	-
developer	dev/USING.txt					authored	installer	dev/USING.txt					no	-
developer	dev/include/abstraction/download/over_curl.hpp	copy		UNRESOLVED	include/abstraction/download/over_curl.hpp	no	-
service	tools/openabstractions.exe	gobuild	charter	serve	yes	console
service	tools/openabstractionsw.exe	gobuild	charter	serve	yes	windows
service	tools/declarations/lemonade.json	authored	installer	declarations/lemonade.json	no	-
service	tools/declarations/lmstudio.json	authored	installer	declarations/lmstudio.json	no	-
service	tools/declarations/ollama.json	authored	installer	declarations/ollama.json	no	-
service	tools/declarations/comfyui.json	authored	installer	declarations/comfyui.json	no	-
localstores	tools/inventoryd.exe	gobuild	localstores	go/cmd/inventoryd	yes	console
localstores	tools/declarations/local-stores.json	authored	installer	declarations/local-stores.json	no	-
modelhost	tools/modelhostd.exe	gobuild	modelhost	go/cmd/modelhostd	yes	console
mcpgateway	tools/openabstractions-mcp.exe	gobuild	charter	mcp-gateway	yes	console
